INSERT INTO `institutions` (`id`, `full_name`, `nickname`, `ancestry`)

VALUES ('1', 'Test Institution', 'Testy', NULL),     
       ('2', 'Non Partner Institution', 'Non partner', NULL),
       ('3', 'sub test institution 1', 'sub test institution 1', 1),
       ('4', 'sub test institution 2', 'sub test institution 2', 1),
       ('5', 'UCOP', 'UCOP', NULL),
       ('6', 'CDL', 'CDL', 5),
       ('7', 'NRS', 'NRS', 5);



INSERT INTO `users` (
       `id`, `institution_id`, `email`,`first_name`, `last_name`,
       `prefs`,`created_at`,`updated_at`,`login_id`,`active`)
VALUES        
      (1, 1, 'admin123@gmail.com', 'Admin', '123', X'2D2D2D0A3A75736572733A0A20203A726F6C655F6772616E7465643A20747275650A3A646D705F6F776E6572735F616E645F636F3A0A20203A6E65775F636F6D6D656E743A20747275650A20203A636F6D6D697465643A20747275650A20203A7075626C69736865643A20747275650A20203A7375626D69747465643A20747275650A3A646D705F636F3A0A20203A7375626D69747465643A2066616C73650A20203A64656163746976617465643A2066616C73650A20203A64656C657465643A2066616C73650A20203A6E65775F636F5F6F776E65723A2066616C73650A3A726571756972656D656E745F656469746F72733A0A20203A636F6D6D697465643A20747275650A20203A6465616374697665643A20747275650A20203A64656C657465643A20747275650A3A7265736F757263655F656469746F72733A0A20203A636F6D6D697465643A20747275650A20203A6465616374697665643A20747275650A20203A64656C657465643A20747275650A20203A6173736F6369617465645F636F6D6D697465643A20747275650A3A696E737469747574696F6E616C5F7265766965776572733A0A20203A7375626D69747465643A20747275650A20203A6E65775F636F6D6D656E743A20747275650A20203A617070726F7665645F72656A65637465643A20747275650A',
       '2013-11-01 23:46:01', '2013-12-11 20:40:29', 'admin123', 1),
      
      (2, 1, 'resource123@gmail.com', 'Resource', '123', X'2D2D2D0A3A75736572733A0A20203A726F6C655F6772616E7465643A20747275650A3A646D705F6F776E6572735F616E645F636F3A0A20203A6E65775F636F6D6D656E743A20747275650A20203A636F6D6D697465643A20747275650A20203A7075626C69736865643A20747275650A20203A7375626D69747465643A20747275650A3A646D705F636F3A0A20203A7375626D69747465643A20747275650A20203A64656163746976617465643A20747275650A20203A64656C657465643A20747275650A20203A6E65775F636F5F6F776E65723A20747275650A3A726571756972656D656E745F656469746F72733A0A20203A636F6D6D697465643A20747275650A20203A6465616374697665643A20747275650A20203A64656C657465643A20747275650A3A7265736F757263655F656469746F72733A0A20203A636F6D6D697465643A20747275650A20203A6465616374697665643A20747275650A20203A64656C657465643A20747275650A20203A6173736F6369617465645F636F6D6D697465643A20747275650A3A696E737469747574696F6E616C5F7265766965776572733A0A20203A7375626D69747465643A20747275650A20203A6E65775F636F6D6D656E743A20747275650A20203A617070726F7665645F72656A65637465643A20747275650A',
       '2013-11-01 23:46:51', '2013-12-20 21:32:03', 'resource123', 1),
      
      (3, 1, 'require123@gmail.com', 'Require123', '123', X'2D2D2D0A3A75736572733A0A20203A726F6C655F6772616E7465643A20747275650A3A646D705F6F776E6572735F616E645F636F3A0A20203A6E65775F636F6D6D656E743A20747275650A20203A636F6D6D697465643A20747275650A20203A7075626C69736865643A20747275650A20203A7375626D69747465643A20747275650A3A646D705F636F3A0A20203A7375626D69747465643A20747275650A20203A64656163746976617465643A20747275650A20203A64656C657465643A20747275650A20203A6E65775F636F5F6F776E65723A20747275650A3A726571756972656D656E745F656469746F72733A0A20203A636F6D6D697465643A20747275650A20203A6465616374697665643A20747275650A20203A64656C657465643A20747275650A3A7265736F757263655F656469746F72733A0A20203A636F6D6D697465643A20747275650A20203A6465616374697665643A20747275650A20203A64656C657465643A20747275650A20203A6173736F6369617465645F636F6D6D697465643A20747275650A3A696E737469747574696F6E616C5F7265766965776572733A0A20203A7375626D69747465643A20747275650A20203A6E65775F636F6D6D656E743A20747275650A20203A617070726F7665645F72656A65637465643A20747275650A',
       '2013-11-01 23:47:12', '2013-11-05 17:33:48', 'require123', 1),
      
      (4, 1, 'instrev123@gmail.com', 'Instrev123', '123', X'2D2D2D0A3A75736572733A0A20203A726F6C655F6772616E7465643A20747275650A3A646D705F6F776E6572735F616E645F636F3A0A20203A6E65775F636F6D6D656E743A20747275650A20203A636F6D6D697465643A20747275650A20203A7075626C69736865643A20747275650A20203A7375626D69747465643A20747275650A3A646D705F636F3A0A20203A7375626D69747465643A20747275650A20203A64656163746976617465643A20747275650A20203A64656C657465643A20747275650A20203A6E65775F636F5F6F776E65723A20747275650A3A726571756972656D656E745F656469746F72733A0A20203A636F6D6D697465643A20747275650A20203A6465616374697665643A20747275650A20203A64656C657465643A20747275650A3A7265736F757263655F656469746F72733A0A20203A636F6D6D697465643A20747275650A20203A6465616374697665643A20747275650A20203A64656C657465643A20747275650A20203A6173736F6369617465645F636F6D6D697465643A20747275650A3A696E737469747574696F6E616C5F7265766965776572733A0A20203A7375626D69747465643A20747275650A20203A6E65775F636F6D6D656E743A20747275650A20203A617070726F7665645F72656A65637465643A20747275650A',
       '2013-11-01 23:47:37', '2013-11-05 15:20:10', 'instrev123', 1),
      
      (5, 1, 'instadmin123@gmail.com', 'Instadmin123', '123', X'2D2D2D0A3A75736572733A0A20203A726F6C655F6772616E7465643A2066616C73650A3A646D705F6F776E6572735F616E645F636F3A0A20203A6E65775F636F6D6D656E743A2066616C73650A20203A636F6D6D697465643A20747275650A20203A7075626C69736865643A2066616C73650A20203A7375626D69747465643A20747275650A3A646D705F636F3A0A20203A7375626D69747465643A2066616C73650A20203A64656163746976617465643A2066616C73650A20203A64656C657465643A2066616C73650A20203A6E65775F636F5F6F776E65723A2066616C73650A3A726571756972656D656E745F656469746F72733A0A20203A636F6D6D697465643A20747275650A20203A6465616374697665643A20747275650A20203A64656C657465643A20747275650A3A7265736F757263655F656469746F72733A0A20203A636F6D6D697465643A20747275650A20203A6465616374697665643A20747275650A20203A64656C657465643A20747275650A20203A6173736F6369617465645F636F6D6D697465643A20747275650A3A696E737469747574696F6E616C5F7265766965776572733A0A20203A7375626D69747465643A20747275650A20203A6E65775F636F6D6D656E743A20747275650A20203A617070726F7665645F72656A65637465643A20747275650A',
       '2013-11-01 23:48:06', '2014-01-07 22:21:56', 'instadmin123', 1),
      
      (6, 4, 'testsub_02@gmail.com', 'testsub', '02', X'2D2D2D0A3A75736572733A0A20203A726F6C655F6772616E7465643A2066616C73650A3A646D705F6F776E6572735F616E645F636F3A0A20203A6E65775F636F6D6D656E743A2066616C73650A20203A636F6D6D697465643A20747275650A20203A7075626C69736865643A2066616C73650A20203A7375626D69747465643A20747275650A3A646D705F636F3A0A20203A7375626D69747465643A2066616C73650A20203A64656163746976617465643A2066616C73650A20203A64656C657465643A2066616C73650A20203A6E65775F636F5F6F776E65723A2066616C73650A3A726571756972656D656E745F656469746F72733A0A20203A636F6D6D697465643A20747275650A20203A6465616374697665643A20747275650A20203A64656C657465643A20747275650A3A7265736F757263655F656469746F72733A0A20203A636F6D6D697465643A20747275650A20203A6465616374697665643A20747275650A20203A64656C657465643A20747275650A20203A6173736F6369617465645F636F6D6D697465643A20747275650A3A696E737469747574696F6E616C5F7265766965776572733A0A20203A7375626D69747465643A20747275650A20203A6E65775F636F6D6D656E743A20747275650A20203A617070726F7665645F72656A65637465643A20747275650A',
       '2013-11-01 23:48:06', '2014-01-07 22:21:56', 'testsub_02', 1),
      
      (7, 5, 'ucopuser001@gmail.com', 'ucopuser001', 'ucopuser001', X'2D2D2D0A3A75736572733A0A20203A726F6C655F6772616E7465643A2066616C73650A3A646D705F6F776E6572735F616E645F636F3A0A20203A6E65775F636F6D6D656E743A2066616C73650A20203A636F6D6D697465643A20747275650A20203A7075626C69736865643A2066616C73650A20203A7375626D69747465643A20747275650A3A646D705F636F3A0A20203A7375626D69747465643A2066616C73650A20203A64656163746976617465643A2066616C73650A20203A64656C657465643A2066616C73650A20203A6E65775F636F5F6F776E65723A2066616C73650A3A726571756972656D656E745F656469746F72733A0A20203A636F6D6D697465643A20747275650A20203A6465616374697665643A20747275650A20203A64656C657465643A20747275650A3A7265736F757263655F656469746F72733A0A20203A636F6D6D697465643A20747275650A20203A6465616374697665643A20747275650A20203A64656C657465643A20747275650A20203A6173736F6369617465645F636F6D6D697465643A20747275650A3A696E737469747574696F6E616C5F7265766965776572733A0A20203A7375626D69747465643A20747275650A20203A6E65775F636F6D6D656E743A20747275650A20203A617070726F7665645F72656A65637465643A20747275650A',
       '2013-11-01 23:48:06', '2014-01-07 22:21:56', 'ucopuser001', 1),
      
      (8, 6, 'cdluser001@gmail.com', 'cdluser001', 'cdluser001', X'2D2D2D0A3A75736572733A0A20203A726F6C655F6772616E7465643A2066616C73650A3A646D705F6F776E6572735F616E645F636F3A0A20203A6E65775F636F6D6D656E743A2066616C73650A20203A636F6D6D697465643A20747275650A20203A7075626C69736865643A2066616C73650A20203A7375626D69747465643A20747275650A3A646D705F636F3A0A20203A7375626D69747465643A2066616C73650A20203A64656163746976617465643A2066616C73650A20203A64656C657465643A2066616C73650A20203A6E65775F636F5F6F776E65723A2066616C73650A3A726571756972656D656E745F656469746F72733A0A20203A636F6D6D697465643A20747275650A20203A6465616374697665643A20747275650A20203A64656C657465643A20747275650A3A7265736F757263655F656469746F72733A0A20203A636F6D6D697465643A20747275650A20203A6465616374697665643A20747275650A20203A64656C657465643A20747275650A20203A6173736F6369617465645F636F6D6D697465643A20747275650A3A696E737469747574696F6E616C5F7265766965776572733A0A20203A7375626D69747465643A20747275650A20203A6E65775F636F6D6D656E743A20747275650A20203A617070726F7665645F72656A65637465643A20747275650A',
       '2013-11-01 23:48:06', '2014-01-07 22:21:56', 'cdluser001', 1),
      
      (9, 7, 'nrsuser001@gmail.com', 'nrsuser001', 'nrsuser001', X'2D2D2D0A3A75736572733A0A20203A726F6C655F6772616E7465643A2066616C73650A3A646D705F6F776E6572735F616E645F636F3A0A20203A6E65775F636F6D6D656E743A2066616C73650A20203A636F6D6D697465643A20747275650A20203A7075626C69736865643A2066616C73650A20203A7375626D69747465643A20747275650A3A646D705F636F3A0A20203A7375626D69747465643A2066616C73650A20203A64656163746976617465643A2066616C73650A20203A64656C657465643A2066616C73650A20203A6E65775F636F5F6F776E65723A2066616C73650A3A726571756972656D656E745F656469746F72733A0A20203A636F6D6D697465643A20747275650A20203A6465616374697665643A20747275650A20203A64656C657465643A20747275650A3A7265736F757263655F656469746F72733A0A20203A636F6D6D697465643A20747275650A20203A6465616374697665643A20747275650A20203A64656C657465643A20747275650A20203A6173736F6369617465645F636F6D6D697465643A20747275650A3A696E737469747574696F6E616C5F7265766965776572733A0A20203A7375626D69747465643A20747275650A20203A6E65775F636F6D6D656E743A20747275650A20203A617070726F7665645F72656A65637465643A20747275650A',
       '2013-11-01 23:48:06', '2014-01-07 22:21:56', 'nrsuser001', 1),
	
      (15, 3, 'testsub_01@gmail.com', 'testsub', '01', X'2D2D2D0A3A75736572733A0A20203A726F6C655F6772616E7465643A20747275650A3A646D705F6F776E6572735F616E645F636F3A0A20203A6E65775F636F6D6D656E743A20747275650A20203A636F6D6D697465643A20747275650A20203A7075626C69736865643A20747275650A20203A7375626D69747465643A20747275650A3A646D705F636F3A0A20203A7375626D69747465643A2066616C73650A20203A64656163746976617465643A2066616C73650A20203A64656C657465643A2066616C73650A20203A6E65775F636F5F6F776E65723A2066616C73650A3A726571756972656D656E745F656469746F72733A0A20203A636F6D6D697465643A20747275650A20203A6465616374697665643A20747275650A20203A64656C657465643A20747275650A3A7265736F757263655F656469746F72733A0A20203A636F6D6D697465643A20747275650A20203A6465616374697665643A20747275650A20203A64656C657465643A20747275650A20203A6173736F6369617465645F636F6D6D697465643A20747275650A3A696E737469747574696F6E616C5F7265766965776572733A0A20203A7375626D69747465643A20747275650A20203A6E65775F636F6D6D656E743A20747275650A20203A617070726F7665645F72656A65637465643A20747275650A',
       '2013-11-01 23:46:01', '2013-12-11 20:40:29', 'testsub_01', 1);



INSERT INTO `roles` (`id`, `name`, `created_at`, `updated_at`)
VALUES 
		(1, 'DMP Administrator', '2013-11-01 23:46:01', '2013-12-11 20:40:29'),
		(2, 'Resources Editor', '2013-11-01 23:46:01', '2013-12-11 20:40:29'),
		(3, 'Template Editor', '2013-11-01 23:46:01', '2013-12-11 20:40:29'),
		(4, 'Institutional Reviewer', '2013-11-01 23:46:01', '2013-12-11 20:40:29'),
		(5, 'Institutional Administrator', '2013-11-01 23:46:01', '2013-12-11 20:40:29');



INSERT INTO `authorizations` (`id`, `role_id`, `user_id`, `created_at`, `updated_at`)
VALUES 
		(1, 1, 1, '2013-11-01 23:46:01', '2013-12-11 20:40:29'),
		(2, 2, 2, '2013-11-01 23:46:01', '2013-12-11 20:40:29'),
		(3, 3, 3, '2013-11-01 23:46:01', '2013-12-11 20:40:29'),
		(4, 4, 4, '2013-11-01 23:46:01', '2013-12-11 20:40:29'),
		(5, 5, 5, '2013-11-01 23:46:01', '2013-12-11 20:40:29'),
		(6, 3, 15, '2013-11-01 23:46:01', '2013-12-11 20:40:29');



INSERT INTO `requirements_templates` (`id`,`institution_id`,`name`,`active`,`visibility`,`review_type`,`created_at`,`updated_at`)

VALUES 	
		(2,  3,  'template_to_copy',  1, 'public','no_review',   '2011-08-01 14:33:12', '2014-03-20 19:49:40'),

            (5,  5,  'ucop_template',  1, 'public', 'no_review',   '2011-08-01 14:33:12', '2014-03-20 19:49:40'),
            
            (6,  6,  'cdl_template',  1,  'public', 'no_review',   '2011-08-01 14:33:12', '2014-03-20 19:49:40'),
            
            (7,  7,  'nrs_template',  1,   'public', 'no_review',   '2011-08-01 14:33:12', '2014-03-20 19:49:40'),

		(10,  3,  'template_10',  1,   'public','no_review',   '2011-08-01 14:33:12', '2014-03-20 19:49:40'),

            (46,  1,  'top_level_test_inst_template',1,'institutional','no_review','2011-08-01 14:33:12', '2014-03-20 19:49:40'),

            (47,  1,  'template_47',  1,   'public', 'no_review',   '2011-08-01 14:33:12', '2014-03-20 19:49:40');




INSERT INTO `requirements` (`id`,`position`,`text_brief`,`text_full`,`requirement_type`,`obligation`,`requirements_template_id`,`created_at`,`updated_at`)
VALUES 
      (1, 1,'Policies for re-use, redistribution','Policies for re-use, redistribution','text','optional',2,'2011-08-01 14:42:55','2014-04-02 17:30:57'),

      (5, 1,'How old are you?','How old are you?','numeric','optional',5,'2011-08-01 14:42:55','2014-04-02 17:30:57'),

      (6, 1,'How many days?','How many days?','numeric','optional',6,'2011-08-01 14:42:55','2014-04-02 17:30:57'),

      (7, 1,'How many years?','How many years?','numeric','optional',7,'2011-08-01 14:42:55','2014-04-02 17:30:57'),
      
      (4, 1, 'etaoin shrdlu','etaoin shrdlu', 'text', 'optional', 47,'2011-08-01 14:42:55','2014-04-02 17:30:57'),
      
      (11, 1, 'requirements_for_10','requirements_for_10','text','optional',10,'2011-08-01 14:42:55','2014-04-02 17:30:57');



INSERT INTO `plans` (`id`,`name`, `requirements_template_id`, `visibility`,`created_at`, `updated_at`,`current_plan_state_id`)
VALUES 
      (1,  'top_level_plan_my_dog_has_fleas', 46, NULL, 'public','2011-08-01 14:33:12',  '2014-03-20 19:49:40',  1),
      
      (2,  'ucop_unit_plan', 46, 'unit','2011-08-01 14:33:12',  '2014-03-20 19:49:40',  2),
      
      (3,  'cdl_unit_plan',46 , 'unit','2011-08-01 14:33:12',  '2014-03-20 19:49:40',  3),
      
      (4,  'nrs_unit_plan',46 , 'unit','2011-08-01 14:33:12',  '2014-03-20 19:49:40',  4),
      
      (5,  'ucop_institutional_plan',46 , 'institutional','2011-08-01 14:33:12',  '2014-03-20 19:49:40',  5),
      
      (6,  'cdl_institutional_plan',46 , 'institutional','2011-08-01 14:33:12',  '2014-03-20 19:49:40',  6),
      
      (7,  'nrs_institutional_plan',46 , 'institutional','2011-08-01 14:33:12',  '2014-03-20 19:49:40',  7);


INSERT INTO `plan_states` ( `id`,`plan_id`, `state`, `user_id`, `created_at`, `updated_at`)
VALUES (1, 1, 'new',   14, '2013-11-01 23:46:51', '2013-12-20 21:32:03'),
	(2, 2, 'new',   7, '2013-11-01 23:46:51', '2013-12-20 21:32:03'),
      (3, 3, 'new',   8, '2013-11-01 23:46:51', '2013-12-20 21:32:03'),
      (4, 4, 'new',   9, '2013-11-01 23:46:51', '2013-12-20 21:32:03'),
      (5, 5, 'new',   7, '2013-11-01 23:46:51', '2013-12-20 21:32:03'),
      (6, 6, 'new',   8, '2013-11-01 23:46:51', '2013-12-20 21:32:03'),
      (7, 7, 'new',   9, '2013-11-01 23:46:51', '2013-12-20 21:32:03');



INSERT INTO `user_plans` (`id`, `user_id`, `plan_id`, `owner`, `created_at`, `updated_at`)
VALUES (1, 14, 1,  1,  '2011-08-01 14:33:12', '2014-03-20 19:49:40'),
	(2, 7, 2,  1,  '2011-08-01 14:33:12', '2014-03-20 19:49:40'),
      (3, 8, 3,  1,  '2011-08-01 14:33:12', '2014-03-20 19:49:40'),
      (4, 9, 4,  1,  '2011-08-01 14:33:12', '2014-03-20 19:49:40'),
      (5, 7, 5,  1,  '2011-08-01 14:33:12', '2014-03-20 19:49:40'),
      (6, 8, 6,  1,  '2011-08-01 14:33:12', '2014-03-20 19:49:40'),
      (7, 9, 7,  1,  '2011-08-01 14:33:12', '2014-03-20 19:49:40');



























